Timestamp,Frame# (Framerate 30),Slider Name,Slider.x,Slider.y,Slider.z,Slider Value
2025-03-06 09:31:39.719,318,RotationSliderBackgroundXYZ,0.8699941,0.3569995,-0.35,,0.55
2025-03-06 09:31:39.759,319,RotationSliderBackgroundXYZ,0.8699861,0.3569995,-0.35,,0.55
2025-03-06 09:31:39.802,320,RotationSliderBackgroundXYZ,0.8699822,0.3570001,-0.35,,0.55
2025-03-06 09:31:39.836,321,RotationSliderBackgroundXYZ,0.8699822,0.3570001,-0.35,,0.55
2025-03-06 09:31:39.870,322,RotationSliderBackgroundXYZ,0.8699822,0.3570001,-0.35,,0.55
2025-03-06 09:31:39.902,323,RotationSliderBackgroundXYZ,0.8699822,0.3570001,-0.35,,0.55
2025-03-06 09:31:39.932,324,RotationSliderBackgroundXYZ,0.8699822,0.3570001,-0.35,,0.55
2025-03-06 09:31:39.973,325,RotationSliderBackgroundXYZ,0.8699822,0.3570001,-0.35,,0.55
2025-03-06 09:31:40.003,326,RotationSliderBackgroundXYZ,0.8699822,0.3570001,-0.35,,0.55
2025-03-06 09:31:40.030,327,RotationSliderBackgroundXYZ,0.8699703,0.3569995,-0.35,,0.55
2025-03-06 09:31:40.059,328,RotationSliderBackgroundXYZ,0.8699623,0.3569995,-0.35,,0.55
2025-03-06 09:31:40.089,329,RotationSliderBackgroundXYZ,0.8699703,0.3570006,-0.35,,0.55
2025-03-06 09:31:40.116,330,RotationSliderBackgroundXYZ,0.8699623,0.3570023,-0.35,,0.55
2025-03-06 09:31:40.158,331,RotationSliderBackgroundXYZ,0.8699543,0.3570023,-0.35,,0.55
2025-03-06 09:31:40.200,332,RotationSliderBackgroundXYZ,0.8699464,0.3570034,-0.35,,0.55
2025-03-06 09:31:40.228,333,RotationSliderBackgroundXYZ,0.8699424,0.3570034,-0.35,,0.55
2025-03-06 09:31:40.270,334,RotationSliderBackgroundXYZ,0.8699345,0.3570039,-0.35,,0.55
2025-03-06 09:31:40.300,335,RotationSliderBackgroundXYZ,0.8699265,0.357005,-0.35,,0.55
2025-03-06 09:31:40.341,336,RotationSliderBackgroundXYZ,0.8699305,0.3570061,-0.35,,0.55
2025-03-06 09:31:40.369,337,RotationSliderBackgroundXYZ,0.8699146,0.3570061,-0.35,,0.55
2025-03-06 09:31:40.397,338,RotationSliderBackgroundXYZ,0.8699067,0.3570061,-0.35,,0.55
2025-03-06 09:31:40.426,339,RotationSliderBackgroundXYZ,0.8699027,0.3570066,-0.35,,0.55
2025-03-06 09:31:40.453,340,RotationSliderBackgroundXYZ,0.8699067,0.3570088,-0.35,,0.55
2025-03-06 09:31:40.494,341,RotationSliderBackgroundXYZ,0.8699107,0.3570105,-0.35,,0.55
2025-03-06 09:31:40.535,342,RotationSliderBackgroundXYZ,0.8699027,0.357011,-0.35,,0.55
2025-03-06 09:31:40.575,343,RotationSliderBackgroundXYZ,0.8698987,0.357011,-0.35,,0.55
2025-03-06 09:31:40.618,344,RotationSliderBackgroundXYZ,0.8698907,0.3570115,-0.35,,0.55
2025-03-06 09:31:40.658,345,RotationSliderBackgroundXYZ,0.8698907,0.3570115,-0.35,,0.55
2025-03-06 09:31:40.697,346,RotationSliderBackgroundXYZ,0.8698907,0.3570115,-0.35,,0.55
2025-03-06 09:31:40.739,347,RotationSliderBackgroundXYZ,0.8698907,0.3570115,-0.35,,0.55
2025-03-06 09:31:40.783,348,RotationSliderBackgroundXYZ,0.8698987,0.3570132,-0.35,,0.55
2025-03-06 09:31:40.812,349,RotationSliderBackgroundXYZ,0.8699027,0.3570143,-0.35,,0.55
2025-03-06 09:31:40.839,350,RotationSliderBackgroundXYZ,0.8698947,0.3570148,-0.35,,0.55
2025-03-06 09:31:40.879,351,RotationSliderBackgroundXYZ,0.8698907,0.3570159,-0.35,,0.55
2025-03-06 09:31:40.918,352,RotationSliderBackgroundXYZ,0.8698828,0.3570164,-0.35,,0.55
2025-03-06 09:31:40.961,353,RotationSliderBackgroundXYZ,0.8698709,0.357017,-0.35,,0.55
2025-03-06 09:31:41.004,354,RotationSliderBackgroundXYZ,0.8698669,0.3570175,-0.35,,0.55
2025-03-06 09:31:41.046,355,RotationSliderBackgroundXYZ,0.869855,0.3570186,-0.35,,0.55
2025-03-06 09:31:41.075,356,RotationSliderBackgroundXYZ,0.8698431,0.3570197,-0.35,,0.55
2025-03-06 09:31:41.117,357,RotationSliderBackgroundXYZ,0.8698351,0.3570203,-0.35,,0.55
2025-03-06 09:31:41.158,358,RotationSliderBackgroundXYZ,0.8698272,0.3570214,-0.35,,0.55
2025-03-06 09:31:41.199,359,RotationSliderBackgroundXYZ,0.8698232,0.3570214,-0.35,,0.55
2025-03-06 09:31:41.241,360,RotationSliderBackgroundXYZ,0.8698232,0.3570214,-0.35,,0.55
2025-03-06 09:31:41.271,361,RotationSliderBackgroundXYZ,0.8698232,0.3570214,-0.35,,0.55
2025-03-06 09:31:41.312,362,RotationSliderBackgroundXYZ,0.8698232,0.3570214,-0.35,,0.55
2025-03-06 09:31:41.356,363,RotationSliderBackgroundXYZ,0.8698232,0.3570214,-0.35,,0.55
2025-03-06 09:31:41.395,364,RotationSliderBackgroundXYZ,0.8698232,0.3570214,-0.35,,0.55
2025-03-06 09:31:41.436,365,RotationSliderBackgroundXYZ,0.8698232,0.3570214,-0.35,,0.55
2025-03-06 09:31:41.478,366,RotationSliderBackgroundXYZ,0.8698232,0.3570214,-0.35,,0.55
2025-03-06 09:31:41.507,367,RotationSliderBackgroundXYZ,0.8698232,0.3570214,-0.35,,0.55
2025-03-06 09:31:41.548,368,RotationSliderBackgroundXYZ,0.8698232,0.3570214,-0.35,,0.55
2025-03-06 09:31:41.590,369,RotationSliderBackgroundXYZ,0.8698232,0.3570214,-0.35,,0.55
2025-03-06 09:31:41.630,370,RotationSliderBackgroundXYZ,0.8698232,0.3570214,-0.35,,0.55
2025-03-06 09:31:41.672,371,RotationSliderBackgroundXYZ,0.8698232,0.3570214,-0.35,,0.55
2025-03-06 09:31:41.716,372,RotationSliderBackgroundXYZ,0.8698232,0.3570214,-0.35,,0.55
2025-03-06 09:31:41.743,373,RotationSliderBackgroundXYZ,0.8698351,0.3570224,-0.35,,0.55
2025-03-06 09:31:41.770,374,RotationSliderBackgroundXYZ,0.8698391,0.3570241,-0.35,,0.55
2025-03-06 09:31:41.809,375,RotationSliderBackgroundXYZ,0.8698311,0.3570246,-0.35,,0.55
2025-03-06 09:31:41.850,376,RotationSliderBackgroundXYZ,0.8698232,0.3570252,-0.35,,0.55
2025-03-06 09:31:41.890,377,RotationSliderBackgroundXYZ,0.8698192,0.3570252,-0.35,,0.55
2025-03-06 09:31:41.933,378,RotationSliderBackgroundXYZ,0.8698113,0.3570268,-0.35,,0.55
2025-03-06 09:31:41.977,379,RotationSliderBackgroundXYZ,0.8698073,0.3570268,-0.35,,0.55
2025-03-06 09:31:42.019,380,RotationSliderBackgroundXYZ,0.8697994,0.3570274,-0.35,,0.55
2025-03-06 09:31:42.061,381,RotationSliderBackgroundXYZ,0.8697914,0.3570279,-0.35,,0.55
2025-03-06 09:31:42.102,382,RotationSliderBackgroundXYZ,0.8697954,0.3570295,-0.35,,0.55
2025-03-06 09:31:42.144,383,RotationSliderBackgroundXYZ,0.8697994,0.3570306,-0.35,,0.55
2025-03-06 09:31:42.173,384,RotationSliderBackgroundXYZ,0.8697994,0.3570306,-0.35,,0.55
2025-03-06 09:31:42.215,385,RotationSliderBackgroundXYZ,0.8697994,0.3570306,-0.35,,0.55
2025-03-06 09:31:42.255,386,RotationSliderBackgroundXYZ,0.8697994,0.3570306,-0.35,,0.55
2025-03-06 09:31:42.295,387,RotationSliderBackgroundXYZ,0.8697994,0.3570306,-0.35,,0.55
2025-03-06 09:31:42.339,388,RotationSliderBackgroundXYZ,0.8697994,0.3570306,-0.35,,0.55
2025-03-06 09:31:42.369,389,RotationSliderBackgroundXYZ,0.8697994,0.3570306,-0.35,,0.55
2025-03-06 09:31:42.410,390,RotationSliderBackgroundXYZ,0.8697914,0.3570301,-0.35,,0.55
2025-03-06 09:31:42.454,391,RotationSliderBackgroundXYZ,0.8697914,0.3570312,-0.35,,0.55
2025-03-06 09:31:42.494,392,RotationSliderBackgroundXYZ,0.8697875,0.3570322,-0.35,,0.55
2025-03-06 09:31:42.534,393,RotationSliderBackgroundXYZ,0.8697755,0.3570328,-0.35,,0.55
2025-03-06 09:31:42.576,394,RotationSliderBackgroundXYZ,0.8697755,0.3570328,-0.35,,0.55
2025-03-06 09:31:42.618,395,RotationSliderBackgroundXYZ,0.8697755,0.3570328,-0.35,,0.55
2025-03-06 09:31:42.659,396,RotationSliderBackgroundXYZ,0.8697755,0.3570328,-0.35,,0.55
2025-03-06 09:31:42.701,397,RotationSliderBackgroundXYZ,0.8697755,0.3570328,-0.35,,0.55
2025-03-06 09:31:42.743,398,RotationSliderBackgroundXYZ,0.8697755,0.3570328,-0.35,,0.55
2025-03-06 09:31:42.772,399,RotationSliderBackgroundXYZ,0.8697755,0.3570328,-0.35,,0.55
2025-03-06 09:31:42.801,400,RotationSliderBackgroundXYZ,0.8697755,0.3570328,-0.35,,0.55
2025-03-06 09:31:42.829,401,RotationSliderBackgroundXYZ,0.8697755,0.3570328,-0.35,,0.55
2025-03-06 09:31:42.869,402,RotationSliderBackgroundXYZ,0.8697755,0.3570328,-0.35,,0.55
2025-03-06 09:31:42.898,403,RotationSliderBackgroundXYZ,0.8697755,0.3570328,-0.35,,0.55
2025-03-06 09:31:42.939,404,RotationSliderBackgroundXYZ,0.8697755,0.3570328,-0.35,,0.55
2025-03-06 09:31:42.969,405,RotationSliderBackgroundXYZ,0.8697755,0.3570328,-0.35,,0.55
2025-03-06 09:31:42.997,406,RotationSliderBackgroundXYZ,0.8697755,0.3570328,-0.35,,0.55
2025-03-06 09:31:43.027,407,RotationSliderBackgroundXYZ,0.8697755,0.3570328,-0.35,,0.55
2025-03-06 09:31:43.054,408,RotationSliderBackgroundXYZ,0.8697755,0.3570328,-0.35,,0.55
2025-03-06 09:31:43.080,409,RotationSliderBackgroundXYZ,0.8697755,0.3570328,-0.35,,0.55
2025-03-06 09:31:43.124,410,RotationSliderBackgroundXYZ,0.8697755,0.3570328,-0.35,,0.55
2025-03-06 09:31:43.163,411,RotationSliderBackgroundXYZ,0.8697755,0.3570328,-0.35,,0.55
2025-03-06 09:31:43.205,412,RotationSliderBackgroundXYZ,0.8697755,0.3570328,-0.35,,0.55
2025-03-06 09:31:43.234,413,RotationSliderBackgroundXYZ,0.8697755,0.3570328,-0.35,,0.55
2025-03-06 09:31:43.263,414,RotationSliderBackgroundXYZ,0.8697875,0.3570339,-0.35,,0.55
2025-03-06 09:31:43.291,415,RotationSliderBackgroundXYZ,0.8697636,0.3570339,-0.35,,0.55
2025-03-06 09:31:43.318,416,RotationSliderBackgroundXYZ,0.8697517,0.357035,-0.35,,0.55
2025-03-06 09:31:43.360,417,RotationSliderBackgroundXYZ,0.8697517,0.357035,-0.35,,0.55
2025-03-06 09:31:43.399,418,RotationSliderBackgroundXYZ,0.8697517,0.357035,-0.35,,0.55
2025-03-06 09:31:43.440,419,RotationSliderBackgroundXYZ,0.8697517,0.357035,-0.35,,0.55
2025-03-06 09:31:43.484,420,RotationSliderBackgroundXYZ,0.8697517,0.357035,-0.35,,0.55
2025-03-06 09:31:43.512,421,RotationSliderBackgroundXYZ,0.8697517,0.357035,-0.35,,0.55
2025-03-06 09:31:43.540,422,RotationSliderBackgroundXYZ,0.8697517,0.357035,-0.35,,0.55
2025-03-06 09:31:43.579,423,RotationSliderBackgroundXYZ,0.8697517,0.357035,-0.35,,0.55
2025-03-06 09:31:43.623,424,RotationSliderBackgroundXYZ,0.8697636,0.3570361,-0.35,,0.55
2025-03-06 09:31:43.664,425,RotationSliderBackgroundXYZ,0.8697676,0.3570377,-0.35,,0.55
2025-03-06 09:31:43.693,426,RotationSliderBackgroundXYZ,0.8697715,0.3570388,-0.35,,0.55
2025-03-06 09:31:43.733,427,RotationSliderBackgroundXYZ,0.8697676,0.3570393,-0.35,,0.55
2025-03-06 09:31:43.775,428,RotationSliderBackgroundXYZ,0.8697596,0.3570404,-0.35,,0.55
2025-03-06 09:31:43.804,429,RotationSliderBackgroundXYZ,0.8697676,0.3570415,-0.35,,0.55
2025-03-06 09:31:43.844,430,RotationSliderBackgroundXYZ,0.8697636,0.3570415,-0.35,,0.55
2025-03-06 09:31:43.888,431,RotationSliderBackgroundXYZ,0.8697557,0.3570431,-0.35,,0.55
2025-03-06 09:31:43.928,432,RotationSliderBackgroundXYZ,0.8697517,0.3570431,-0.35,,0.55
2025-03-06 09:31:43.969,433,RotationSliderBackgroundXYZ,0.8697438,0.3570437,-0.35,,0.55
2025-03-06 09:31:44.000,434,RotationSliderBackgroundXYZ,0.8697398,0.3570442,-0.35,,0.55
2025-03-06 09:31:44.040,435,RotationSliderBackgroundXYZ,0.8697358,0.3570442,-0.35,,0.55
2025-03-06 09:31:44.069,436,RotationSliderBackgroundXYZ,0.8697358,0.3570442,-0.35,,0.55
2025-03-06 09:31:44.098,437,RotationSliderBackgroundXYZ,0.8697358,0.3570442,-0.35,,0.55
2025-03-06 09:31:44.126,438,RotationSliderBackgroundXYZ,0.8697358,0.3570442,-0.35,,0.55
2025-03-06 09:31:44.154,439,RotationSliderBackgroundXYZ,0.8697358,0.3570442,-0.35,,0.55
2025-03-06 09:31:44.180,440,RotationSliderBackgroundXYZ,0.8697358,0.3570442,-0.35,,0.55
2025-03-06 09:31:44.223,441,RotationSliderBackgroundXYZ,0.8697358,0.3570442,-0.35,,0.55
2025-03-06 09:31:44.261,442,RotationSliderBackgroundXYZ,0.8697358,0.3570442,-0.35,,0.55
2025-03-06 09:31:44.292,443,RotationSliderBackgroundXYZ,0.8697358,0.3570442,-0.35,,0.55
2025-03-06 09:31:44.320,444,RotationSliderBackgroundXYZ,0.8697477,0.3570448,-0.35,,0.55
2025-03-06 09:31:44.361,445,RotationSliderBackgroundXYZ,0.8697477,0.357047,-0.35,,0.55
2025-03-06 09:31:44.403,446,RotationSliderBackgroundXYZ,0.8697358,0.3570475,-0.35,,0.55
2025-03-06 09:31:44.445,447,RotationSliderBackgroundXYZ,0.8697318,0.3570486,-0.35,,0.55
2025-03-06 09:31:44.473,448,RotationSliderBackgroundXYZ,0.8697199,0.3570491,-0.35,,0.55
2025-03-06 09:31:44.516,449,RotationSliderBackgroundXYZ,0.869708,0.3570502,-0.35,,0.55
2025-03-06 09:31:44.558,450,RotationSliderBackgroundXYZ,0.8696961,0.3570513,-0.35,,0.55
2025-03-06 09:31:44.599,451,RotationSliderBackgroundXYZ,0.8696881,0.3570519,-0.35,,0.55
2025-03-06 09:31:44.639,452,RotationSliderBackgroundXYZ,0.8696881,0.3570519,-0.35,,0.55
2025-03-06 09:31:44.682,453,RotationSliderBackgroundXYZ,0.8696881,0.3570519,-0.35,,0.55
2025-03-06 09:31:44.711,454,RotationSliderBackgroundXYZ,0.8696881,0.3570519,-0.35,,0.55
2025-03-06 09:31:44.739,455,RotationSliderBackgroundXYZ,0.8696881,0.3570519,-0.35,,0.55
2025-03-06 09:31:44.779,456,RotationSliderBackgroundXYZ,0.8696881,0.3570519,-0.35,,0.55
2025-03-06 09:31:44.807,457,RotationSliderBackgroundXYZ,0.8696881,0.3570519,-0.35,,0.55
2025-03-06 09:31:44.835,458,RotationSliderBackgroundXYZ,0.8696881,0.3570519,-0.35,,0.55
2025-03-06 09:31:44.874,459,RotationSliderBackgroundXYZ,0.8697,0.357053,-0.35,,0.55
2025-03-06 09:31:44.905,460,RotationSliderBackgroundXYZ,0.869704,0.3570546,-0.35,,0.55
2025-03-06 09:31:44.933,461,RotationSliderBackgroundXYZ,0.8697,0.3570551,-0.35,,0.55
2025-03-06 09:31:44.961,462,RotationSliderBackgroundXYZ,0.8696921,0.3570551,-0.35,,0.55
2025-03-06 09:31:44.991,463,RotationSliderBackgroundXYZ,0.8696881,0.3570557,-0.35,,0.55
2025-03-06 09:31:45.018,464,RotationSliderBackgroundXYZ,0.8696762,0.3570551,-0.35,,0.55
2025-03-06 09:31:45.045,465,RotationSliderBackgroundXYZ,0.8696802,0.3570568,-0.35,,0.55
2025-03-06 09:31:45.087,466,RotationSliderBackgroundXYZ,0.8696722,0.3570573,-0.35,,0.55
2025-03-06 09:31:45.128,467,RotationSliderBackgroundXYZ,0.8696762,0.3570595,-0.35,,0.55
2025-03-06 09:31:45.157,468,RotationSliderBackgroundXYZ,0.8696842,0.3570606,-0.35,,0.55
2025-03-06 09:31:45.184,469,RotationSliderBackgroundXYZ,0.8696881,0.3570622,-0.35,,0.55
2025-03-06 09:31:45.227,470,RotationSliderBackgroundXYZ,0.8696842,0.3570622,-0.35,,0.55
2025-03-06 09:31:45.267,471,RotationSliderBackgroundXYZ,0.8696682,0.3570622,-0.35,,0.55
2025-03-06 09:31:45.297,472,RotationSliderBackgroundXYZ,0.8696722,0.3570633,-0.35,,0.55
2025-03-06 09:31:45.325,473,RotationSliderBackgroundXYZ,0.8696762,0.3570649,-0.35,,0.55
2025-03-06 09:31:45.365,474,RotationSliderBackgroundXYZ,0.8696682,0.3570655,-0.35,,0.55
2025-03-06 09:31:45.395,475,RotationSliderBackgroundXYZ,0.8696643,0.3570655,-0.35,,0.55
2025-03-06 09:31:45.436,476,RotationSliderBackgroundXYZ,0.8696643,0.3570655,-0.35,,0.55
2025-03-06 09:31:45.463,477,RotationSliderBackgroundXYZ,0.8696643,0.3570655,-0.35,,0.55
2025-03-06 09:31:45.492,478,RotationSliderBackgroundXYZ,0.8696643,0.3570655,-0.35,,0.55
2025-03-06 09:31:45.521,479,RotationSliderBackgroundXYZ,0.8696643,0.3570655,-0.35,,0.55
2025-03-06 09:31:45.548,480,RotationSliderBackgroundXYZ,0.8696643,0.3570655,-0.35,,0.55
2025-03-06 09:31:45.575,481,RotationSliderBackgroundXYZ,0.8696643,0.3570655,-0.35,,0.55
2025-03-06 09:31:45.603,482,RotationSliderBackgroundXYZ,0.8696643,0.3570655,-0.35,,0.55
2025-03-06 09:31:45.631,483,RotationSliderBackgroundXYZ,0.8696643,0.3570655,-0.35,,0.55
2025-03-06 09:31:45.661,484,RotationSliderBackgroundXYZ,0.8696643,0.3570655,-0.35,,0.55
2025-03-06 09:31:45.690,485,RotationSliderBackgroundXYZ,0.8696643,0.3570655,-0.35,,0.55
2025-03-06 09:31:45.720,486,RotationSliderBackgroundXYZ,0.8696643,0.3570655,-0.35,,0.55
2025-03-06 09:31:45.745,487,RotationSliderBackgroundXYZ,0.8696643,0.3570655,-0.35,,0.55
2025-03-06 09:31:45.772,488,RotationSliderBackgroundXYZ,0.8696643,0.3570655,-0.35,,0.55
2025-03-06 09:31:45.800,489,RotationSliderBackgroundXYZ,0.8696643,0.3570655,-0.35,,0.55
2025-03-06 09:31:45.829,490,RotationSliderBackgroundXYZ,0.8696643,0.3570655,-0.35,,0.55
2025-03-06 09:31:45.858,491,RotationSliderBackgroundXYZ,0.8696643,0.3570655,-0.35,,0.55
2025-03-06 09:31:45.886,492,RotationSliderBackgroundXYZ,0.8696643,0.3570655,-0.35,,0.55
2025-03-06 09:31:45.913,493,RotationSliderBackgroundXYZ,0.8696643,0.3570655,-0.35,,0.55
2025-03-06 09:31:45.942,494,RotationSliderBackgroundXYZ,0.8696643,0.3570655,-0.35,,0.55
2025-03-06 09:31:45.971,495,RotationSliderBackgroundXYZ,0.8696643,0.3570655,-0.35,,0.55
2025-03-06 09:31:45.999,496,RotationSliderBackgroundXYZ,0.8696643,0.3570655,-0.35,,0.55
2025-03-06 09:31:46.028,497,RotationSliderBackgroundXYZ,0.8696762,0.3570666,-0.35,,0.55
2025-03-06 09:31:46.057,498,RotationSliderBackgroundXYZ,0.8696842,0.3570677,-0.35,,0.55
2025-03-06 09:31:46.084,499,RotationSliderBackgroundXYZ,0.8696881,0.3570677,-0.35,,0.55
2025-03-06 09:31:46.111,500,RotationSliderBackgroundXYZ,0.8696881,0.3570677,-0.35,,0.55
2025-03-06 09:31:46.139,501,RotationSliderBackgroundXYZ,0.8696881,0.3570677,-0.35,,0.55
2025-03-06 09:31:46.167,502,RotationSliderBackgroundXYZ,0.8696881,0.3570677,-0.35,,0.55
2025-03-06 09:31:46.196,503,RotationSliderBackgroundXYZ,0.8696881,0.3570677,-0.35,,0.55
2025-03-06 09:31:46.224,504,RotationSliderBackgroundXYZ,0.8696881,0.3570677,-0.35,,0.55
2025-03-06 09:31:46.251,505,RotationSliderBackgroundXYZ,0.8696881,0.3570677,-0.35,,0.55
2025-03-06 09:31:46.278,506,RotationSliderBackgroundXYZ,0.8696881,0.3570677,-0.35,,0.55
2025-03-06 09:31:46.306,507,RotationSliderBackgroundXYZ,0.8696881,0.3570677,-0.35,,0.55
2025-03-06 09:31:46.334,508,RotationSliderBackgroundXYZ,0.8697,0.3570687,-0.35,,0.55
2025-03-06 09:31:46.362,509,RotationSliderBackgroundXYZ,0.869708,0.3570704,-0.35,,0.55
2025-03-06 09:31:46.392,510,RotationSliderBackgroundXYZ,0.8697,0.3570704,-0.35,,0.55
2025-03-06 09:31:46.418,511,RotationSliderBackgroundXYZ,0.8696961,0.357071,-0.35,,0.55
2025-03-06 09:31:46.444,512,RotationSliderBackgroundXYZ,0.8696881,0.3570715,-0.35,,0.55
2025-03-06 09:31:46.472,513,RotationSliderBackgroundXYZ,0.8696842,0.3570715,-0.35,,0.55
2025-03-06 09:31:46.501,514,RotationSliderBackgroundXYZ,0.8696762,0.3570731,-0.35,,0.55
2025-03-06 09:31:46.529,515,RotationSliderBackgroundXYZ,0.8696722,0.3570731,-0.35,,0.55
2025-03-06 09:31:46.558,516,RotationSliderBackgroundXYZ,0.8696682,0.3570731,-0.35,,0.55
2025-03-06 09:31:46.586,517,RotationSliderBackgroundXYZ,0.8696682,0.3570731,-0.35,,0.55
2025-03-06 09:31:46.613,518,RotationSliderBackgroundXYZ,0.8696682,0.3570731,-0.35,,0.55
2025-03-06 09:31:46.640,519,RotationSliderBackgroundXYZ,0.8696802,0.3570742,-0.35,,0.55
2025-03-06 09:31:46.668,520,RotationSliderBackgroundXYZ,0.8696722,0.3570748,-0.35,,0.55
2025-03-06 09:31:46.696,521,RotationSliderBackgroundXYZ,0.8696762,0.3570764,-0.35,,0.55
2025-03-06 09:31:46.725,522,RotationSliderBackgroundXYZ,0.8696682,0.3570769,-0.35,,0.55
2025-03-06 09:31:46.753,523,RotationSliderBackgroundXYZ,0.8696643,0.3570769,-0.35,,0.55
2025-03-06 09:31:46.779,524,RotationSliderBackgroundXYZ,0.8696643,0.3570769,-0.35,,0.55
2025-03-06 09:31:46.807,525,RotationSliderBackgroundXYZ,0.8696643,0.3570769,-0.35,,0.55
2025-03-06 09:31:46.835,526,RotationSliderBackgroundXYZ,0.8696643,0.3570769,-0.35,,0.55
2025-03-06 09:31:46.863,527,RotationSliderBackgroundXYZ,0.8696643,0.3570769,-0.35,,0.55
2025-03-06 09:31:46.892,528,RotationSliderBackgroundXYZ,0.8696643,0.3570769,-0.35,,0.55
2025-03-06 09:31:46.920,529,RotationSliderBackgroundXYZ,0.8696643,0.3570769,-0.35,,0.55
2025-03-06 09:31:46.945,530,RotationSliderBackgroundXYZ,0.8696643,0.3570769,-0.35,,0.55
2025-03-06 09:31:46.973,531,RotationSliderBackgroundXYZ,0.8696643,0.3570769,-0.35,,0.55
2025-03-06 09:31:47.000,532,RotationSliderBackgroundXYZ,0.8696643,0.3570769,-0.35,,0.55
2025-03-06 09:31:47.029,533,RotationSliderBackgroundXYZ,0.8696643,0.3570769,-0.35,,0.55
2025-03-06 09:31:47.057,534,RotationSliderBackgroundXYZ,0.8696643,0.3570769,-0.35,,0.55
2025-03-06 09:31:47.085,535,RotationSliderBackgroundXYZ,0.8696643,0.3570769,-0.35,,0.55
2025-03-06 09:31:47.111,536,RotationSliderBackgroundXYZ,0.8696643,0.3570769,-0.35,,0.55
2025-03-06 09:31:47.139,537,RotationSliderBackgroundXYZ,0.8696643,0.3570769,-0.35,,0.55
2025-03-06 09:31:47.168,538,RotationSliderBackgroundXYZ,0.8696643,0.3570769,-0.35,,0.55
2025-03-06 09:31:47.196,539,RotationSliderBackgroundXYZ,0.8696643,0.3570769,-0.35,,0.55
2025-03-06 09:31:47.224,540,RotationSliderBackgroundXYZ,0.8696643,0.3570769,-0.35,,0.55
2025-03-06 09:31:47.255,541,RotationSliderBackgroundXYZ,0.8696643,0.3570769,-0.35,,0.55
2025-03-06 09:31:47.279,542,RotationSliderBackgroundXYZ,0.8696643,0.3570769,-0.35,,0.55
2025-03-06 09:31:47.307,543,RotationSliderBackgroundXYZ,0.8696643,0.3570769,-0.35,,0.55
2025-03-06 09:31:47.336,544,RotationSliderBackgroundXYZ,0.8696762,0.3570786,-0.35,,0.55
2025-03-06 09:31:47.364,545,RotationSliderBackgroundXYZ,0.8696842,0.3570797,-0.35,,0.55
2025-03-06 09:31:47.393,546,RotationSliderBackgroundXYZ,0.8696762,0.3570797,-0.35,,0.55
2025-03-06 09:31:47.421,547,RotationSliderBackgroundXYZ,0.8696722,0.3570802,-0.35,,0.55
2025-03-06 09:31:47.446,548,RotationSliderBackgroundXYZ,0.8696643,0.3570813,-0.35,,0.55
2025-03-06 09:31:47.474,549,RotationSliderBackgroundXYZ,0.8696523,0.3570824,-0.35,,0.55
2025-03-06 09:31:47.503,550,RotationSliderBackgroundXYZ,0.8696444,0.3570824,-0.35,,0.55
2025-03-06 09:31:47.531,551,RotationSliderBackgroundXYZ,0.8696444,0.3570824,-0.35,,0.55
2025-03-06 09:31:47.560,552,RotationSliderBackgroundXYZ,0.8696444,0.3570824,-0.35,,0.55
2025-03-06 09:31:47.588,553,RotationSliderBackgroundXYZ,0.8696444,0.3570824,-0.35,,0.55
2025-03-06 09:31:47.614,554,RotationSliderBackgroundXYZ,0.8696444,0.3570824,-0.35,,0.55
2025-03-06 09:31:47.640,555,RotationSliderBackgroundXYZ,0.8696444,0.3570824,-0.35,,0.55
2025-03-06 09:31:47.668,556,RotationSliderBackgroundXYZ,0.8696444,0.3570824,-0.35,,0.55
2025-03-06 09:31:47.696,557,RotationSliderBackgroundXYZ,0.8696444,0.3570824,-0.35,,0.55
2025-03-06 09:31:47.725,558,RotationSliderBackgroundXYZ,0.8696444,0.3570824,-0.35,,0.55
2025-03-06 09:31:47.755,559,RotationSliderBackgroundXYZ,0.8696444,0.3570824,-0.35,,0.55
2025-03-06 09:31:47.780,560,RotationSliderBackgroundXYZ,0.8696444,0.3570824,-0.35,,0.55
2025-03-06 09:31:47.808,561,RotationSliderBackgroundXYZ,0.8696444,0.3570824,-0.35,,0.55
2025-03-06 09:31:47.837,562,RotationSliderBackgroundXYZ,0.8696444,0.3570824,-0.35,,0.55
2025-03-06 09:31:47.865,563,RotationSliderBackgroundXYZ,0.8696444,0.3570824,-0.35,,0.55
2025-03-06 09:31:47.894,564,RotationSliderBackgroundXYZ,0.8696444,0.3570824,-0.35,,0.55
2025-03-06 09:31:47.921,565,RotationSliderBackgroundXYZ,0.8696444,0.3570824,-0.35,,0.55
2025-03-06 09:31:47.948,566,RotationSliderBackgroundXYZ,0.8696325,0.3570818,-0.35,,0.55
2025-03-06 09:31:47.974,567,RotationSliderBackgroundXYZ,0.8696126,0.3570818,-0.35,,0.55
2025-03-06 09:31:48.004,568,RotationSliderBackgroundXYZ,0.8696007,0.3570824,-0.35,,0.55
2025-03-06 09:31:48.032,569,RotationSliderBackgroundXYZ,0.8695967,0.3570829,-0.35,,0.55
2025-03-06 09:31:48.061,570,RotationSliderBackgroundXYZ,0.8695848,0.357084,-0.35,,0.55
2025-03-06 09:31:48.089,571,RotationSliderBackgroundXYZ,0.8695729,0.3570851,-0.35,,0.55
2025-03-06 09:31:48.113,572,RotationSliderBackgroundXYZ,0.869561,0.3570856,-0.35,,0.55
2025-03-06 09:31:48.141,573,RotationSliderBackgroundXYZ,0.869553,0.3570867,-0.35,,0.55
2025-03-06 09:31:48.169,574,RotationSliderBackgroundXYZ,0.869553,0.3570867,-0.35,,0.55
2025-03-06 09:31:48.196,575,RotationSliderBackgroundXYZ,0.869553,0.3570867,-0.35,,0.55
2025-03-06 09:31:48.227,576,RotationSliderBackgroundXYZ,0.869553,0.3570867,-0.35,,0.55
2025-03-06 09:31:48.253,577,RotationSliderBackgroundXYZ,0.869565,0.3570878,-0.35,,0.55
2025-03-06 09:31:48.278,578,RotationSliderBackgroundXYZ,0.8695689,0.3570895,-0.35,,0.55
2025-03-06 09:31:48.306,579,RotationSliderBackgroundXYZ,0.869557,0.3570906,-0.35,,0.55
2025-03-06 09:31:48.334,580,RotationSliderBackgroundXYZ,0.869553,0.3570906,-0.35,,0.55
2025-03-06 09:31:48.363,581,RotationSliderBackgroundXYZ,0.869553,0.3570906,-0.35,,0.55
2025-03-06 09:31:48.392,582,RotationSliderBackgroundXYZ,0.869553,0.3570906,-0.35,,0.55
2025-03-06 09:31:48.420,583,RotationSliderBackgroundXYZ,0.869553,0.3570906,-0.35,,0.55
2025-03-06 09:31:48.445,584,RotationSliderBackgroundXYZ,0.869553,0.3570906,-0.35,,0.55
2025-03-06 09:31:48.472,585,RotationSliderBackgroundXYZ,0.869553,0.3570906,-0.35,,0.55
2025-03-06 09:31:48.499,586,RotationSliderBackgroundXYZ,0.869553,0.3570906,-0.35,,0.55
2025-03-06 09:31:48.527,587,RotationSliderBackgroundXYZ,0.869565,0.3570922,-0.35,,0.55
2025-03-06 09:31:48.556,588,RotationSliderBackgroundXYZ,0.8695729,0.3570933,-0.35,,0.55
2025-03-06 09:31:48.584,589,RotationSliderBackgroundXYZ,0.869565,0.3570933,-0.35,,0.55
2025-03-06 09:31:48.610,590,RotationSliderBackgroundXYZ,0.869561,0.3570938,-0.35,,0.55
2025-03-06 09:31:48.638,591,RotationSliderBackgroundXYZ,0.869553,0.3570949,-0.35,,0.55
2025-03-06 09:31:48.666,592,RotationSliderBackgroundXYZ,0.869549,0.3570949,-0.35,,0.55
2025-03-06 09:31:48.695,593,RotationSliderBackgroundXYZ,0.8695331,0.3570949,-0.35,,0.55
2025-03-06 09:31:48.724,594,RotationSliderBackgroundXYZ,0.8695371,0.357096,-0.35,,0.55
2025-03-06 09:31:48.752,595,RotationSliderBackgroundXYZ,0.8695331,0.357096,-0.35,,0.55
2025-03-06 09:31:48.793,596,RotationSliderBackgroundXYZ,0.8695331,0.357096,-0.35,,0.55
2025-03-06 09:31:48.834,597,RotationSliderBackgroundXYZ,0.8695331,0.357096,-0.35,,0.55
2025-03-06 09:31:48.873,598,RotationSliderBackgroundXYZ,0.8695331,0.357096,-0.35,,0.55
2025-03-06 09:31:48.902,599,RotationSliderBackgroundXYZ,0.869545,0.3570977,-0.35,,0.55
2025-03-06 09:31:48.943,600,RotationSliderBackgroundXYZ,0.869545,0.3570987,-0.35,,0.55
2025-03-06 09:31:48.972,601,RotationSliderBackgroundXYZ,0.8695411,0.3570993,-0.35,,0.55
2025-03-06 09:31:49.001,602,RotationSliderBackgroundXYZ,0.8695292,0.3571004,-0.35,,0.55
2025-03-06 09:31:49.029,603,RotationSliderBackgroundXYZ,0.8695292,0.3571004,-0.35,,0.55
2025-03-06 09:31:49.059,604,RotationSliderBackgroundXYZ,0.8695411,0.3571015,-0.35,,0.55
2025-03-06 09:31:49.086,605,RotationSliderBackgroundXYZ,0.8695173,0.3571015,-0.35,,0.55
2025-03-06 09:31:49.112,606,RotationSliderBackgroundXYZ,0.8695053,0.357102,-0.35,,0.55
2025-03-06 09:31:49.154,607,RotationSliderBackgroundXYZ,0.8695053,0.357102,-0.35,,0.55
2025-03-06 09:31:49.194,608,RotationSliderBackgroundXYZ,0.8695053,0.357102,-0.35,,0.55
2025-03-06 09:31:49.234,609,RotationSliderBackgroundXYZ,0.8694974,0.3571015,-0.35,,0.55
2025-03-06 09:31:49.263,610,RotationSliderBackgroundXYZ,0.8695014,0.3571031,-0.35,,0.55
2025-03-06 09:31:49.293,611,RotationSliderBackgroundXYZ,0.8694894,0.3571036,-0.35,,0.55
2025-03-06 09:31:49.320,612,RotationSliderBackgroundXYZ,0.8694974,0.3571047,-0.35,,0.55
2025-03-06 09:31:49.361,613,RotationSliderBackgroundXYZ,0.8694894,0.3571058,-0.35,,0.55
2025-03-06 09:31:49.401,614,RotationSliderBackgroundXYZ,0.8694974,0.3571069,-0.35,,0.55
2025-03-06 09:31:49.442,615,RotationSliderBackgroundXYZ,0.8694894,0.3571075,-0.35,,0.55
2025-03-06 09:31:49.471,616,RotationSliderBackgroundXYZ,0.8694854,0.3571085,-0.35,,0.55
2025-03-06 09:31:49.500,617,RotationSliderBackgroundXYZ,0.8694815,0.3571085,-0.35,,0.55
2025-03-06 09:31:49.529,618,RotationSliderBackgroundXYZ,0.8694735,0.3571091,-0.35,,0.55
2025-03-06 09:31:49.558,619,RotationSliderBackgroundXYZ,0.8694616,0.3571096,-0.35,,0.55
2025-03-06 09:31:49.585,620,RotationSliderBackgroundXYZ,0.8694497,0.3571091,-0.35,,0.55
2025-03-06 09:31:49.611,621,RotationSliderBackgroundXYZ,0.8694537,0.3571113,-0.35,,0.55
2025-03-06 09:31:49.654,622,RotationSliderBackgroundXYZ,0.8694457,0.3571113,-0.35,,0.55
2025-03-06 09:31:49.694,623,RotationSliderBackgroundXYZ,0.8694298,0.3571113,-0.35,,0.55
2025-03-06 09:31:49.721,624,RotationSliderBackgroundXYZ,0.8694338,0.3571123,-0.35,,0.55
2025-03-06 09:31:49.750,625,RotationSliderBackgroundXYZ,0.8694258,0.3571129,-0.35,,0.55
2025-03-06 09:31:49.792,626,RotationSliderBackgroundXYZ,0.8694179,0.357114,-0.35,,0.55
2025-03-06 09:31:49.833,627,RotationSliderBackgroundXYZ,0.8694179,0.357114,-0.35,,0.55
2025-03-06 09:31:49.861,628,RotationSliderBackgroundXYZ,0.8694179,0.357114,-0.35,,0.55
2025-03-06 09:31:49.904,629,RotationSliderBackgroundXYZ,0.8694179,0.357114,-0.35,,0.55
2025-03-06 09:31:49.945,630,RotationSliderBackgroundXYZ,0.8694179,0.357114,-0.35,,0.55
2025-03-06 09:31:49.973,631,RotationSliderBackgroundXYZ,0.8694179,0.357114,-0.35,,0.55
2025-03-06 09:31:50.001,632,RotationSliderBackgroundXYZ,0.8694298,0.3571151,-0.35,,0.55
2025-03-06 09:31:50.039,633,RotationSliderBackgroundXYZ,0.8694378,0.3571167,-0.35,,0.55
2025-03-06 09:31:50.083,634,RotationSliderBackgroundXYZ,0.8694298,0.3571167,-0.35,,0.55
2025-03-06 09:31:50.111,635,RotationSliderBackgroundXYZ,0.8694378,0.3571178,-0.35,,0.55
2025-03-06 09:31:50.138,636,RotationSliderBackgroundXYZ,0.8694378,0.35712,-0.35,,0.55
2025-03-06 09:31:50.177,637,RotationSliderBackgroundXYZ,0.8694298,0.3571205,-0.35,,0.55
2025-03-06 09:31:50.221,638,RotationSliderBackgroundXYZ,0.8694219,0.3571211,-0.35,,0.55
2025-03-06 09:31:50.262,639,RotationSliderBackgroundXYZ,0.8694179,0.3571211,-0.35,,0.55
2025-03-06 09:31:50.304,640,RotationSliderBackgroundXYZ,0.8694179,0.3571211,-0.35,,0.55
2025-03-06 09:31:50.346,641,RotationSliderBackgroundXYZ,0.8694179,0.3571211,-0.35,,0.55
2025-03-06 09:31:50.376,642,RotationSliderBackgroundXYZ,0.8694179,0.3571211,-0.35,,0.55
2025-03-06 09:31:50.403,643,RotationSliderBackgroundXYZ,0.86941,0.3571205,-0.35,,0.55
2025-03-06 09:31:50.441,644,RotationSliderBackgroundXYZ,0.86941,0.3571222,-0.35,,0.55
2025-03-06 09:31:50.482,645,RotationSliderBackgroundXYZ,0.8694179,0.3571233,-0.35,,0.55
2025-03-06 09:31:50.512,646,RotationSliderBackgroundXYZ,0.8694298,0.3571249,-0.35,,0.55
2025-03-06 09:31:50.540,647,RotationSliderBackgroundXYZ,0.8694258,0.3571249,-0.35,,0.55
2025-03-06 09:31:50.582,648,RotationSliderBackgroundXYZ,0.8694298,0.357126,-0.35,,0.55
2025-03-06 09:31:50.625,649,RotationSliderBackgroundXYZ,0.8694378,0.3571276,-0.35,,0.55
2025-03-06 09:31:50.665,650,RotationSliderBackgroundXYZ,0.8694298,0.3571287,-0.35,,0.55
2025-03-06 09:31:50.694,651,RotationSliderBackgroundXYZ,0.8694258,0.3571287,-0.35,,0.55
2025-03-06 09:31:50.725,652,RotationSliderBackgroundXYZ,0.8694179,0.3571292,-0.35,,0.55
2025-03-06 09:31:50.764,653,RotationSliderBackgroundXYZ,0.8694139,0.3571303,-0.35,,0.55
2025-03-06 09:31:50.805,654,RotationSliderBackgroundXYZ,0.8694179,0.3571309,-0.35,,0.55
2025-03-06 09:31:50.848,655,RotationSliderBackgroundXYZ,0.86941,0.3571303,-0.35,,0.55
2025-03-06 09:31:50.892,656,RotationSliderBackgroundXYZ,0.869402,0.3571309,-0.35,,0.55
2025-03-06 09:31:50.930,657,RotationSliderBackgroundXYZ,0.8693981,0.3571314,-0.35,,0.55
2025-03-06 09:31:50.972,658,RotationSliderBackgroundXYZ,0.8693901,0.3571314,-0.35,,0.55
2025-03-06 09:31:51.001,659,RotationSliderBackgroundXYZ,0.8693861,0.357132,-0.35,,0.55
2025-03-06 09:31:51.043,660,RotationSliderBackgroundXYZ,0.8693821,0.3571331,-0.35,,0.55
2025-03-06 09:31:51.070,661,RotationSliderBackgroundXYZ,0.8693742,0.3571331,-0.35,,0.55
2025-03-06 09:31:51.098,662,RotationSliderBackgroundXYZ,0.8693742,0.3571331,-0.35,,0.55
2025-03-06 09:31:51.127,663,RotationSliderBackgroundXYZ,0.8693742,0.3571331,-0.35,,0.55
2025-03-06 09:31:51.155,664,RotationSliderBackgroundXYZ,0.8693742,0.3571331,-0.35,,0.55
2025-03-06 09:31:51.197,665,RotationSliderBackgroundXYZ,0.8693742,0.3571331,-0.35,,0.55
2025-03-06 09:31:51.235,666,RotationSliderBackgroundXYZ,0.8693742,0.3571331,-0.35,,0.55
2025-03-06 09:31:51.276,667,RotationSliderBackgroundXYZ,0.8693742,0.3571331,-0.35,,0.55
2025-03-06 09:31:51.306,668,RotationSliderBackgroundXYZ,0.8693742,0.3571331,-0.35,,0.55
2025-03-06 09:31:51.346,669,RotationSliderBackgroundXYZ,0.8693742,0.3571331,-0.35,,0.55
2025-03-06 09:31:51.375,670,RotationSliderBackgroundXYZ,0.8693742,0.3571331,-0.35,,0.55
2025-03-06 09:31:51.418,671,RotationSliderBackgroundXYZ,0.8693742,0.3571331,-0.35,,0.55
2025-03-06 09:31:51.460,672,RotationSliderBackgroundXYZ,0.8693742,0.3571331,-0.35,,0.55
2025-03-06 09:31:51.500,673,RotationSliderBackgroundXYZ,0.8693742,0.3571331,-0.35,,0.55
2025-03-06 09:31:51.543,674,RotationSliderBackgroundXYZ,0.8693821,0.3571342,-0.35,,0.55
2025-03-06 09:31:51.573,675,RotationSliderBackgroundXYZ,0.8693821,0.3571363,-0.35,,0.55
2025-03-06 09:31:51.615,676,RotationSliderBackgroundXYZ,0.8693702,0.3571369,-0.35,,0.55
2025-03-06 09:31:51.657,677,RotationSliderBackgroundXYZ,0.8693623,0.3571374,-0.35,,0.55
2025-03-06 09:31:51.695,678,RotationSliderBackgroundXYZ,0.8693543,0.3571385,-0.35,,0.55
2025-03-06 09:31:51.737,679,RotationSliderBackgroundXYZ,0.8693504,0.3571391,-0.35,,0.55
2025-03-06 09:31:51.767,680,RotationSliderBackgroundXYZ,0.8693424,0.3571396,-0.35,,0.55
2025-03-06 09:31:51.808,681,RotationSliderBackgroundXYZ,0.8693345,0.3571402,-0.35,,0.55
2025-03-06 09:31:51.837,682,RotationSliderBackgroundXYZ,0.8693265,0.3571412,-0.35,,0.55
2025-03-06 09:31:51.867,683,RotationSliderBackgroundXYZ,0.8693146,0.3571418,-0.35,,0.55
2025-03-06 09:31:51.895,684,RotationSliderBackgroundXYZ,0.8693066,0.3571423,-0.35,,0.55
2025-03-06 09:31:51.924,685,RotationSliderBackgroundXYZ,0.8693066,0.3571423,-0.35,,0.55
2025-03-06 09:31:51.964,686,RotationSliderBackgroundXYZ,0.8693066,0.3571423,-0.35,,0.55
2025-03-06 09:31:52.004,687,RotationSliderBackgroundXYZ,0.8693066,0.3571423,-0.35,,0.55
2025-03-06 09:31:52.045,688,RotationSliderBackgroundXYZ,0.8693066,0.3571423,-0.35,,0.55
2025-03-06 09:31:52.073,689,RotationSliderBackgroundXYZ,0.8692947,0.3571418,-0.35,,0.55
2025-03-06 09:31:52.101,690,RotationSliderBackgroundXYZ,0.8692987,0.3571429,-0.35,,0.55
2025-03-06 09:31:52.129,691,RotationSliderBackgroundXYZ,0.8692947,0.357144,-0.35,,0.55
2025-03-06 09:31:52.159,692,RotationSliderBackgroundXYZ,0.8692868,0.3571445,-0.35,,0.55
2025-03-06 09:31:52.185,693,RotationSliderBackgroundXYZ,0.8692947,0.357145,-0.35,,0.55
2025-03-06 09:31:52.226,694,RotationSliderBackgroundXYZ,0.8692749,0.357145,-0.35,,0.55
2025-03-06 09:31:52.264,695,RotationSliderBackgroundXYZ,0.8692788,0.3571467,-0.35,,0.55
2025-03-06 09:31:52.308,696,RotationSliderBackgroundXYZ,0.8692947,0.3571478,-0.35,,0.55
2025-03-06 09:31:52.338,697,RotationSliderBackgroundXYZ,0.8693027,0.3571494,-0.35,,0.55
2025-03-06 09:31:52.379,698,RotationSliderBackgroundXYZ,0.8693066,0.3571505,-0.35,,0.55
2025-03-06 09:31:52.406,699,RotationSliderBackgroundXYZ,0.8693027,0.3571505,-0.35,,0.55
2025-03-06 09:31:52.434,700,RotationSliderBackgroundXYZ,0.8692947,0.3571511,-0.35,,0.55
2025-03-06 09:31:52.475,701,RotationSliderBackgroundXYZ,0.8692908,0.3571521,-0.35,,0.55
2025-03-06 09:31:52.504,702,RotationSliderBackgroundXYZ,0.8692868,0.3571521,-0.35,,0.55
2025-03-06 09:31:52.545,703,RotationSliderBackgroundXYZ,0.8692868,0.3571521,-0.35,,0.55
2025-03-06 09:31:52.575,704,RotationSliderBackgroundXYZ,0.8692868,0.3571521,-0.35,,0.55
2025-03-06 09:31:52.602,705,RotationSliderBackgroundXYZ,0.8692868,0.3571521,-0.35,,0.55
2025-03-06 09:31:52.640,706,RotationSliderBackgroundXYZ,0.8692868,0.3571521,-0.35,,0.55
2025-03-06 09:31:52.683,707,RotationSliderBackgroundXYZ,0.8692868,0.3571521,-0.35,,0.55
2025-03-06 09:31:52.714,708,RotationSliderBackgroundXYZ,0.8692868,0.3571521,-0.35,,0.55
2025-03-06 09:31:52.743,709,RotationSliderBackgroundXYZ,0.8692868,0.3571521,-0.35,,0.55
2025-03-06 09:31:52.771,710,RotationSliderBackgroundXYZ,0.8692947,0.3571532,-0.35,,0.55
2025-03-06 09:31:52.801,711,RotationSliderBackgroundXYZ,0.8692788,0.3571527,-0.35,,0.55
2025-03-06 09:31:52.830,712,RotationSliderBackgroundXYZ,0.8692749,0.3571532,-0.35,,0.55
2025-03-06 09:31:52.858,713,RotationSliderBackgroundXYZ,0.8692669,0.3571538,-0.35,,0.55
2025-03-06 09:31:52.887,714,RotationSliderBackgroundXYZ,0.8692629,0.3571538,-0.35,,0.55
2025-03-06 09:31:52.913,715,RotationSliderBackgroundXYZ,0.8692629,0.3571538,-0.35,,0.55
2025-03-06 09:31:52.940,716,RotationSliderBackgroundXYZ,0.8692629,0.3571538,-0.35,,0.55
2025-03-06 09:31:52.968,717,RotationSliderBackgroundXYZ,0.8692629,0.3571538,-0.35,,0.55
2025-03-06 09:31:53.004,718,RotationSliderBackgroundXYZ,0.8692709,0.3571554,-0.35,,0.55
2025-03-06 09:31:53.027,719,RotationSliderBackgroundXYZ,0.8692709,0.3571576,-0.35,,0.55
2025-03-06 09:31:53.054,720,RotationSliderBackgroundXYZ,0.8692589,0.3571581,-0.35,,0.55
2025-03-06 09:31:53.079,721,RotationSliderBackgroundXYZ,0.8692589,0.3571581,-0.35,,0.55
2025-03-06 09:31:53.107,722,RotationSliderBackgroundXYZ,0.8692589,0.3571581,-0.35,,0.55
2025-03-06 09:31:53.136,723,RotationSliderBackgroundXYZ,0.8692589,0.3571581,-0.35,,0.55
2025-03-06 09:31:53.165,724,RotationSliderBackgroundXYZ,0.8692589,0.3571581,-0.35,,0.55
2025-03-06 09:31:53.194,725,RotationSliderBackgroundXYZ,0.8692589,0.3571581,-0.35,,0.55
2025-03-06 09:31:53.222,726,RotationSliderBackgroundXYZ,0.8692589,0.3571581,-0.35,,0.55
2025-03-06 09:31:53.250,727,RotationSliderBackgroundXYZ,0.8692709,0.3571587,-0.35,,0.55
2025-03-06 09:31:53.276,728,RotationSliderBackgroundXYZ,0.8692709,0.3571614,-0.35,,0.55
2025-03-06 09:31:53.306,729,RotationSliderBackgroundXYZ,0.8692629,0.3571614,-0.35,,0.55
2025-03-06 09:31:53.334,730,RotationSliderBackgroundXYZ,0.869251,0.3571609,-0.35,,0.55
2025-03-06 09:31:53.362,731,RotationSliderBackgroundXYZ,0.8692312,0.3571609,-0.35,,0.55
2025-03-06 09:31:53.392,732,RotationSliderBackgroundXYZ,0.8692192,0.3571614,-0.35,,0.55
2025-03-06 09:31:53.418,733,RotationSliderBackgroundXYZ,0.8692153,0.3571619,-0.35,,0.55
2025-03-06 09:31:53.445,734,RotationSliderBackgroundXYZ,0.8692113,0.3571619,-0.35,,0.55
2025-03-06 09:31:53.484,735,RotationSliderBackgroundXYZ,0.8692033,0.357163,-0.35,,0.55
2025-03-06 09:31:53.512,736,RotationSliderBackgroundXYZ,0.8692033,0.3571647,-0.35,,0.55
2025-03-06 09:31:53.540,737,RotationSliderBackgroundXYZ,0.8691795,0.3571647,-0.35,,0.55
2025-03-06 09:31:53.568,738,RotationSliderBackgroundXYZ,0.8691716,0.3571658,-0.35,,0.55
2025-03-06 09:31:53.597,739,RotationSliderBackgroundXYZ,0.8691716,0.3571658,-0.35,,0.55
2025-03-06 09:31:53.626,740,RotationSliderBackgroundXYZ,0.8691716,0.3571658,-0.35,,0.55
2025-03-06 09:31:53.651,741,RotationSliderBackgroundXYZ,0.8691716,0.3571658,-0.35,,0.55
2025-03-06 09:31:53.678,742,RotationSliderBackgroundXYZ,0.8691716,0.3571658,-0.35,,0.55
2025-03-06 09:31:53.706,743,RotationSliderBackgroundXYZ,0.8691596,0.3571647,-0.35,,0.55
2025-03-06 09:31:53.733,744,RotationSliderBackgroundXYZ,0.8691517,0.3571658,-0.35,,0.55
2025-03-06 09:31:53.761,745,RotationSliderBackgroundXYZ,0.8691596,0.3571669,-0.35,,0.55
2025-03-06 09:31:53.791,746,RotationSliderBackgroundXYZ,0.8691517,0.3571674,-0.35,,0.55
2025-03-06 09:31:53.817,747,RotationSliderBackgroundXYZ,0.8691477,0.3571674,-0.35,,0.55
2025-03-06 09:31:53.843,748,RotationSliderBackgroundXYZ,0.8691477,0.3571674,-0.35,,0.55
2025-03-06 09:31:53.885,749,RotationSliderBackgroundXYZ,0.8691477,0.3571674,-0.35,,0.55
2025-03-06 09:31:53.924,750,RotationSliderBackgroundXYZ,0.8691477,0.3571674,-0.35,,0.55
2025-03-06 09:31:53.966,751,RotationSliderBackgroundXYZ,0.8691596,0.3571685,-0.35,,0.55
2025-03-06 09:31:54.008,752,RotationSliderBackgroundXYZ,0.8691676,0.3571696,-0.35,,0.55
2025-03-06 09:31:54.036,753,RotationSliderBackgroundXYZ,0.8691716,0.3571696,-0.35,,0.55
2025-03-06 09:31:54.077,754,RotationSliderBackgroundXYZ,0.8691716,0.3571696,-0.35,,0.55
2025-03-06 09:31:54.106,755,RotationSliderBackgroundXYZ,0.8691716,0.3571696,-0.35,,0.55
2025-03-06 09:31:54.133,756,RotationSliderBackgroundXYZ,0.8691596,0.3571685,-0.35,,0.55
2025-03-06 09:31:54.162,757,RotationSliderBackgroundXYZ,0.8691676,0.3571696,-0.35,,0.55
2025-03-06 09:31:54.191,758,RotationSliderBackgroundXYZ,0.8691716,0.3571696,-0.35,,0.55
2025-03-06 09:31:54.218,759,RotationSliderBackgroundXYZ,0.8691716,0.3571696,-0.35,,0.55
2025-03-06 09:31:54.258,760,RotationSliderBackgroundXYZ,0.8691716,0.3571696,-0.35,,0.55
2025-03-06 09:31:54.298,761,RotationSliderBackgroundXYZ,0.8691716,0.3571696,-0.35,,0.55
2025-03-06 09:31:54.339,762,RotationSliderBackgroundXYZ,0.8691596,0.3571685,-0.35,,0.55
2025-03-06 09:31:54.369,763,RotationSliderBackgroundXYZ,0.8691437,0.3571685,-0.35,,0.55
2025-03-06 09:31:54.410,764,RotationSliderBackgroundXYZ,0.8691477,0.3571696,-0.35,,0.55
2025-03-06 09:31:54.440,765,RotationSliderBackgroundXYZ,0.8691596,0.3571712,-0.35,,0.55
2025-03-06 09:31:54.483,766,RotationSliderBackgroundXYZ,0.8691556,0.3571712,-0.35,,0.55
2025-03-06 09:31:54.525,767,RotationSliderBackgroundXYZ,0.8691477,0.3571717,-0.35,,0.55
2025-03-06 09:31:54.564,768,RotationSliderBackgroundXYZ,0.8691358,0.3571723,-0.35,,0.55
2025-03-06 09:31:54.604,769,RotationSliderBackgroundXYZ,0.8691278,0.3571739,-0.35,,0.55
2025-03-06 09:31:54.646,770,RotationSliderBackgroundXYZ,0.8691199,0.3571739,-0.35,,0.55
2025-03-06 09:31:54.675,771,RotationSliderBackgroundXYZ,0.8691159,0.3571745,-0.35,,0.55
2025-03-06 09:31:54.702,772,RotationSliderBackgroundXYZ,0.869108,0.357175,-0.35,,0.55
2025-03-06 09:31:54.742,773,RotationSliderBackgroundXYZ,0.869104,0.357175,-0.35,,0.55
2025-03-06 09:31:54.786,774,RotationSliderBackgroundXYZ,0.869104,0.357175,-0.35,,0.55
2025-03-06 09:31:54.826,775,RotationSliderBackgroundXYZ,0.869104,0.357175,-0.35,,0.55
2025-03-06 09:31:54.867,776,RotationSliderBackgroundXYZ,0.869092,0.3571745,-0.35,,0.55
2025-03-06 09:31:54.897,777,RotationSliderBackgroundXYZ,0.8691,0.3571756,-0.35,,0.55
2025-03-06 09:31:54.938,778,RotationSliderBackgroundXYZ,0.869092,0.3571767,-0.35,,0.55
2025-03-06 09:31:54.969,779,RotationSliderBackgroundXYZ,0.8690762,0.3571756,-0.35,,0.55
2025-03-06 09:31:54.998,780,RotationSliderBackgroundXYZ,0.8690801,0.3571778,-0.35,,0.55
2025-03-06 09:31:55.027,781,RotationSliderBackgroundXYZ,0.8690682,0.3571783,-0.35,,0.55
2025-03-06 09:31:55.056,782,RotationSliderBackgroundXYZ,0.8690603,0.3571794,-0.35,,0.55
2025-03-06 09:31:55.084,783,RotationSliderBackgroundXYZ,0.8690603,0.3571794,-0.35,,0.55
2025-03-06 09:31:55.111,784,RotationSliderBackgroundXYZ,0.8690603,0.3571794,-0.35,,0.55
2025-03-06 09:31:55.140,785,RotationSliderBackgroundXYZ,0.8690603,0.3571794,-0.35,,0.55
2025-03-06 09:31:55.169,786,RotationSliderBackgroundXYZ,0.8690484,0.3571778,-0.35,,0.55
2025-03-06 09:31:55.199,787,RotationSliderBackgroundXYZ,0.8690364,0.3571772,-0.35,,0.55
2025-03-06 09:31:55.227,788,RotationSliderBackgroundXYZ,0.8690364,0.3571772,-0.35,,0.55
2025-03-06 09:31:55.255,789,RotationSliderBackgroundXYZ,0.8690364,0.3571772,-0.35,,0.55
2025-03-06 09:31:55.282,790,RotationSliderBackgroundXYZ,0.8690364,0.3571772,-0.35,,0.55
2025-03-06 09:31:55.309,791,RotationSliderBackgroundXYZ,0.8690364,0.3571772,-0.35,,0.55
2025-03-06 09:31:55.338,792,RotationSliderBackgroundXYZ,0.8690364,0.3571772,-0.35,,0.55
2025-03-06 09:31:55.367,793,RotationSliderBackgroundXYZ,0.8690364,0.3571772,-0.35,,0.55
2025-03-06 09:31:55.395,794,RotationSliderBackgroundXYZ,0.8690364,0.3571772,-0.35,,0.55
2025-03-06 09:31:55.424,795,RotationSliderBackgroundXYZ,0.8690364,0.3571772,-0.35,,0.55
2025-03-06 09:31:55.452,796,RotationSliderBackgroundXYZ,0.8690364,0.3571772,-0.35,,0.55
2025-03-06 09:31:55.478,797,RotationSliderBackgroundXYZ,0.8690245,0.3571767,-0.35,,0.55
2025-03-06 09:31:55.507,798,RotationSliderBackgroundXYZ,0.8690166,0.3571772,-0.35,,0.55
2025-03-06 09:31:55.535,799,RotationSliderBackgroundXYZ,0.8690245,0.3571783,-0.35,,0.55
2025-03-06 09:31:55.564,800,RotationSliderBackgroundXYZ,0.8690166,0.3571794,-0.35,,0.55
2025-03-06 09:31:55.593,801,RotationSliderBackgroundXYZ,0.8690126,0.3571794,-0.35,,0.55
2025-03-06 09:31:55.619,802,RotationSliderBackgroundXYZ,0.8690126,0.3571794,-0.35,,0.55
2025-03-06 09:31:55.642,803,RotationSliderBackgroundXYZ,0.8690126,0.3571794,-0.35,,0.55
2025-03-06 09:31:55.668,804,RotationSliderBackgroundXYZ,0.8690126,0.3571794,-0.35,,0.55
2025-03-06 09:31:55.695,805,RotationSliderBackgroundXYZ,0.8690126,0.3571794,-0.35,,0.55
2025-03-06 09:31:55.734,806,RotationSliderBackgroundXYZ,0.8690126,0.3571794,-0.35,,0.55
2025-03-06 09:31:55.774,807,RotationSliderBackgroundXYZ,0.8690126,0.3571794,-0.35,,0.55
2025-03-06 09:31:55.806,808,RotationSliderBackgroundXYZ,0.8690007,0.3571783,-0.35,,0.55
2025-03-06 09:31:55.833,809,RotationSliderBackgroundXYZ,0.8689808,0.3571783,-0.35,,0.55
2025-03-06 09:31:55.861,810,RotationSliderBackgroundXYZ,0.8689768,0.3571783,-0.35,,0.55
2025-03-06 09:31:55.891,811,RotationSliderBackgroundXYZ,0.8689689,0.3571794,-0.35,,0.55
2025-03-06 09:31:55.919,812,RotationSliderBackgroundXYZ,0.8689689,0.3571794,-0.35,,0.55
2025-03-06 09:31:55.946,813,RotationSliderBackgroundXYZ,0.8689689,0.3571794,-0.35,,0.55
2025-03-06 09:31:55.973,814,RotationSliderBackgroundXYZ,0.8689689,0.3571794,-0.35,,0.55
2025-03-06 09:31:56.002,815,RotationSliderBackgroundXYZ,0.8689689,0.3571794,-0.35,,0.55
2025-03-06 09:31:56.031,816,RotationSliderBackgroundXYZ,0.8689689,0.3571794,-0.35,,0.55
2025-03-06 09:31:56.081,817,RotationSliderBackgroundXYZ,0.8689768,0.3571805,-0.35,,0.55
2025-03-06 09:31:56.112,818,RotationSliderBackgroundXYZ,0.8689609,0.3571799,-0.35,,0.55
2025-03-06 09:31:56.143,819,RotationSliderBackgroundXYZ,0.868953,0.3571805,-0.35,,0.55
2025-03-06 09:31:56.186,820,RotationSliderBackgroundXYZ,0.868949,0.357181,-0.35,,0.55
2025-03-06 09:31:56.223,821,RotationSliderBackgroundXYZ,0.868949,0.357181,-0.35,,0.55
2025-03-06 09:31:56.262,822,RotationSliderBackgroundXYZ,0.868949,0.357181,-0.35,,0.55
2025-03-06 09:31:56.298,823,RotationSliderBackgroundXYZ,0.868949,0.357181,-0.35,,0.55
2025-03-06 09:31:56.345,824,RotationSliderBackgroundXYZ,0.868949,0.357181,-0.35,,0.55
2025-03-06 09:31:56.390,825,RotationSliderBackgroundXYZ,0.868949,0.357181,-0.35,,0.55
2025-03-06 09:31:56.439,826,RotationSliderBackgroundXYZ,0.868949,0.357181,-0.35,,0.55
2025-03-06 09:31:56.491,827,RotationSliderBackgroundXYZ,0.868949,0.357181,-0.35,,0.55
2025-03-06 09:31:56.546,828,RotationSliderBackgroundXYZ,0.868949,0.357181,-0.35,,0.55
2025-03-06 09:31:56.602,829,RotationSliderBackgroundXYZ,0.868957,0.3571821,-0.35,,0.55
2025-03-06 09:31:56.669,830,RotationSliderBackgroundXYZ,0.8689411,0.3571821,-0.35,,0.55
2025-03-06 09:31:56.757,831,RotationSliderBackgroundXYZ,0.8689371,0.3571821,-0.35,,0.55
2025-03-06 09:31:56.822,832,RotationSliderBackgroundXYZ,0.8689291,0.3571827,-0.35,,0.55
2025-03-06 09:31:56.906,833,RotationSliderBackgroundXYZ,0.8689252,0.3571832,-0.35,,0.55
2025-03-06 09:31:56.993,834,RotationSliderBackgroundXYZ,0.8689212,0.3571832,-0.35,,0.55
2025-03-06 09:31:57.100,835,RotationSliderBackgroundXYZ,0.8689132,0.3571838,-0.35,,0.55
2025-03-06 09:31:57.197,836,RotationSliderBackgroundXYZ,0.8689093,0.3571848,-0.35,,0.55
2025-03-06 09:31:57.284,837,RotationSliderBackgroundXYZ,0.8689013,0.3571854,-0.35,,0.55
2025-03-06 09:31:57.383,838,RotationSliderBackgroundXYZ,0.8688974,0.3571854,-0.35,,0.55
2025-03-06 09:31:57.476,839,RotationSliderBackgroundXYZ,0.8688934,0.3571859,-0.35,,0.55
2025-03-06 09:31:57.574,840,RotationSliderBackgroundXYZ,0.8688855,0.3571865,-0.35,,0.55
2025-03-06 09:31:57.672,841,RotationSliderBackgroundXYZ,0.8688815,0.3571865,-0.35,,0.55
2025-03-06 09:31:57.756,842,RotationSliderBackgroundXYZ,0.8688815,0.3571865,-0.35,,0.55
2025-03-06 09:31:57.838,843,RotationSliderBackgroundXYZ,0.8688815,0.3571865,-0.35,,0.55
2025-03-06 09:31:57.924,844,RotationSliderBackgroundXYZ,0.8688815,0.3571865,-0.35,,0.55
2025-03-06 09:31:58.021,845,RotationSliderBackgroundXYZ,0.8688815,0.3571865,-0.35,,0.55
2025-03-06 09:31:58.103,846,RotationSliderBackgroundXYZ,0.8688815,0.3571865,-0.35,,0.55
2025-03-06 09:31:58.187,847,RotationSliderBackgroundXYZ,0.8688815,0.3571865,-0.35,,0.55
2025-03-06 09:31:58.271,848,RotationSliderBackgroundXYZ,0.8688815,0.3571865,-0.35,,0.55
2025-03-06 09:31:58.356,849,RotationSliderBackgroundXYZ,0.8688894,0.3571881,-0.35,,0.55
2025-03-06 09:31:58.436,850,RotationSliderBackgroundXYZ,0.8688934,0.3571892,-0.35,,0.55
2025-03-06 09:31:58.521,851,RotationSliderBackgroundXYZ,0.8688894,0.3571903,-0.35,,0.55
2025-03-06 09:31:58.604,852,RotationSliderBackgroundXYZ,0.8688815,0.3571908,-0.35,,0.55
2025-03-06 09:31:58.688,853,RotationSliderBackgroundXYZ,0.8688775,0.3571908,-0.35,,0.55
2025-03-06 09:31:58.771,854,RotationSliderBackgroundXYZ,0.8688775,0.3571908,-0.35,,0.55
2025-03-06 09:31:58.870,855,RotationSliderBackgroundXYZ,0.8688775,0.3571908,-0.35,,0.55
2025-03-06 09:31:58.952,856,RotationSliderBackgroundXYZ,0.8688775,0.3571908,-0.35,,0.55
2025-03-06 09:31:59.049,857,RotationSliderBackgroundXYZ,0.8688655,0.3571903,-0.35,,0.55
2025-03-06 09:31:59.133,858,RotationSliderBackgroundXYZ,0.8688457,0.3571903,-0.35,,0.55
2025-03-06 09:31:59.216,859,RotationSliderBackgroundXYZ,0.8688298,0.3571892,-0.35,,0.55
2025-03-06 09:31:59.300,860,RotationSliderBackgroundXYZ,0.8688338,0.3571908,-0.35,,0.55
2025-03-06 09:31:59.384,861,RotationSliderBackgroundXYZ,0.8688338,0.3571908,-0.35,,0.55
2025-03-06 09:31:59.467,862,RotationSliderBackgroundXYZ,0.8688338,0.3571908,-0.35,,0.55
2025-03-06 09:31:59.551,863,RotationSliderBackgroundXYZ,0.8688338,0.3571908,-0.35,,0.55
2025-03-06 09:31:59.633,864,RotationSliderBackgroundXYZ,0.8688338,0.3571908,-0.35,,0.55
2025-03-06 09:31:59.719,865,RotationSliderBackgroundXYZ,0.8688338,0.3571908,-0.35,,0.55
2025-03-06 09:31:59.801,866,RotationSliderBackgroundXYZ,0.8688417,0.3571919,-0.35,,0.55
2025-03-06 09:31:59.885,867,RotationSliderBackgroundXYZ,0.8688457,0.3571936,-0.35,,0.55
2025-03-06 09:31:59.968,868,RotationSliderBackgroundXYZ,0.8688378,0.3571941,-0.35,,0.55
2025-03-06 09:32:00.051,869,RotationSliderBackgroundXYZ,0.8688338,0.3571946,-0.35,,0.55
2025-03-06 09:32:00.134,870,RotationSliderBackgroundXYZ,0.8688259,0.3571957,-0.35,,0.55
2025-03-06 09:32:00.219,871,RotationSliderBackgroundXYZ,0.8688179,0.3571963,-0.35,,0.55
2025-03-06 09:32:00.302,872,RotationSliderBackgroundXYZ,0.8688099,0.3571968,-0.35,,0.55
2025-03-06 09:32:00.387,873,RotationSliderBackgroundXYZ,0.868798,0.3571974,-0.35,,0.55
2025-03-06 09:32:00.469,874,RotationSliderBackgroundXYZ,0.8687861,0.357199,-0.35,,0.55
2025-03-06 09:32:00.553,875,RotationSliderBackgroundXYZ,0.8687782,0.3571995,-0.35,,0.55
2025-03-06 09:32:00.636,876,RotationSliderBackgroundXYZ,0.8687583,0.357199,-0.35,,0.55
2025-03-06 09:32:00.721,877,RotationSliderBackgroundXYZ,0.8687662,0.3572001,-0.35,,0.55
2025-03-06 09:32:00.803,878,RotationSliderBackgroundXYZ,0.8687662,0.3572001,-0.35,,0.55
2025-03-06 09:32:00.888,879,RotationSliderBackgroundXYZ,0.8687662,0.3572001,-0.35,,0.55
2025-03-06 09:32:00.970,880,RotationSliderBackgroundXYZ,0.8687782,0.3572012,-0.35,,0.55
2025-03-06 09:32:01.056,881,RotationSliderBackgroundXYZ,0.8687662,0.3572001,-0.35,,0.55
2025-03-06 09:32:01.137,882,RotationSliderBackgroundXYZ,0.8687662,0.3572001,-0.35,,0.55
2025-03-06 09:32:01.222,883,RotationSliderBackgroundXYZ,0.8687662,0.3572001,-0.35,,0.55
2025-03-06 09:32:01.305,884,RotationSliderBackgroundXYZ,0.8687543,0.3571995,-0.35,,0.55
2025-03-06 09:32:01.391,885,RotationSliderBackgroundXYZ,0.8687344,0.3571995,-0.35,,0.55
2025-03-06 09:32:01.472,886,RotationSliderBackgroundXYZ,0.8687305,0.3571995,-0.35,,0.55
2025-03-06 09:32:01.557,887,RotationSliderBackgroundXYZ,0.8687225,0.3572001,-0.35,,0.55
2025-03-06 09:32:01.639,888,RotationSliderBackgroundXYZ,0.8687305,0.3572017,-0.35,,0.55
2025-03-06 09:32:01.723,889,RotationSliderBackgroundXYZ,0.8687106,0.3572017,-0.35,,0.55
2025-03-06 09:32:01.806,890,RotationSliderBackgroundXYZ,0.8687066,0.3572017,-0.35,,0.55
2025-03-06 09:32:01.890,891,RotationSliderBackgroundXYZ,0.8686987,0.3572023,-0.35,,0.55
2025-03-06 09:32:01.974,892,RotationSliderBackgroundXYZ,0.8686987,0.3572023,-0.35,,0.55
2025-03-06 09:32:02.057,893,RotationSliderBackgroundXYZ,0.8686987,0.3572023,-0.35,,0.55
2025-03-06 09:32:02.155,894,RotationSliderBackgroundXYZ,0.8686987,0.3572023,-0.35,,0.55
2025-03-06 09:32:02.253,895,RotationSliderBackgroundXYZ,0.8686987,0.3572023,-0.35,,0.55
2025-03-06 09:32:02.335,896,RotationSliderBackgroundXYZ,0.8686987,0.3572023,-0.35,,0.55
2025-03-06 09:32:02.405,897,RotationSliderBackgroundXYZ,0.8686987,0.3572023,-0.35,,0.55
2025-03-06 09:32:02.489,898,RotationSliderBackgroundXYZ,0.8686987,0.3572023,-0.35,,0.55
2025-03-06 09:32:02.579,899,RotationSliderBackgroundXYZ,0.8686987,0.3572023,-0.35,,0.55
2025-03-06 09:32:02.655,900,RotationSliderBackgroundXYZ,0.8686987,0.3572023,-0.35,,0.55
2025-03-06 09:32:02.738,901,RotationSliderBackgroundXYZ,0.8686987,0.3572023,-0.35,,0.55
2025-03-06 09:32:02.821,902,RotationSliderBackgroundXYZ,0.8686987,0.3572023,-0.35,,0.55
2025-03-06 09:32:02.905,903,RotationSliderBackgroundXYZ,0.8686987,0.3572023,-0.35,,0.55
2025-03-06 09:32:02.989,904,RotationSliderBackgroundXYZ,0.8686867,0.3572017,-0.35,,0.55
2025-03-06 09:32:03.073,905,RotationSliderBackgroundXYZ,0.8686907,0.3572028,-0.35,,0.55
2025-03-06 09:32:03.160,906,RotationSliderBackgroundXYZ,0.8686828,0.3572039,-0.35,,0.55
2025-03-06 09:32:03.239,907,RotationSliderBackgroundXYZ,0.8686788,0.3572045,-0.35,,0.55
2025-03-06 09:32:03.323,908,RotationSliderBackgroundXYZ,0.8686709,0.357205,-0.35,,0.55
2025-03-06 09:32:03.407,909,RotationSliderBackgroundXYZ,0.8686748,0.3572066,-0.35,,0.55
2025-03-06 09:32:03.492,910,RotationSliderBackgroundXYZ,0.8686748,0.3572083,-0.35,,0.55
2025-03-06 09:32:03.574,911,RotationSliderBackgroundXYZ,0.8686629,0.3572094,-0.35,,0.55
2025-03-06 09:32:03.658,912,RotationSliderBackgroundXYZ,0.868655,0.3572099,-0.35,,0.55
2025-03-06 09:32:03.740,913,RotationSliderBackgroundXYZ,0.868655,0.3572099,-0.35,,0.55
2025-03-06 09:32:03.811,914,RotationSliderBackgroundXYZ,0.868655,0.3572099,-0.35,,0.55
2025-03-06 09:32:03.894,915,RotationSliderBackgroundXYZ,0.868655,0.3572099,-0.35,,0.55
2025-03-06 09:32:03.978,916,RotationSliderBackgroundXYZ,0.868655,0.3572099,-0.35,,0.55
2025-03-06 09:32:04.062,917,RotationSliderBackgroundXYZ,0.868655,0.3572099,-0.35,,0.55
2025-03-06 09:32:04.145,918,RotationSliderBackgroundXYZ,0.868655,0.3572099,-0.35,,0.55
2025-03-06 09:32:04.228,919,RotationSliderBackgroundXYZ,0.868655,0.3572099,-0.35,,0.55
2025-03-06 09:32:04.312,920,RotationSliderBackgroundXYZ,0.868655,0.3572099,-0.35,,0.55
2025-03-06 09:32:04.394,921,RotationSliderBackgroundXYZ,0.868655,0.3572099,-0.35,,0.55
2025-03-06 09:32:04.478,922,RotationSliderBackgroundXYZ,0.868655,0.3572099,-0.35,,0.55
2025-03-06 09:32:04.560,923,RotationSliderBackgroundXYZ,0.868655,0.3572099,-0.35,,0.55
2025-03-06 09:32:04.644,924,RotationSliderBackgroundXYZ,0.868655,0.3572099,-0.35,,0.55
2025-03-06 09:32:04.730,925,RotationSliderBackgroundXYZ,0.868655,0.3572099,-0.35,,0.55
2025-03-06 09:32:04.815,926,RotationSliderBackgroundXYZ,0.868655,0.3572099,-0.35,,0.55
2025-03-06 09:32:04.897,927,RotationSliderBackgroundXYZ,0.868655,0.3572099,-0.35,,0.55
2025-03-06 09:32:04.980,928,RotationSliderBackgroundXYZ,0.868655,0.3572099,-0.35,,0.55
2025-03-06 09:32:05.063,929,RotationSliderBackgroundXYZ,0.868655,0.3572099,-0.35,,0.55
2025-03-06 09:32:05.148,930,RotationSliderBackgroundXYZ,0.868655,0.3572099,-0.35,,0.55
2025-03-06 09:32:05.232,931,RotationSliderBackgroundXYZ,0.868655,0.3572099,-0.35,,0.55
2025-03-06 09:32:05.315,932,RotationSliderBackgroundXYZ,0.868655,0.3572099,-0.35,,0.55
2025-03-06 09:32:05.399,933,RotationSliderBackgroundXYZ,0.868655,0.3572099,-0.35,,0.55
2025-03-06 09:32:05.481,934,RotationSliderBackgroundXYZ,0.868655,0.3572099,-0.35,,0.55
2025-03-06 09:32:05.565,935,RotationSliderBackgroundXYZ,0.868643,0.3572094,-0.35,,0.55
2025-03-06 09:32:05.649,936,RotationSliderBackgroundXYZ,0.868647,0.3572105,-0.35,,0.55
2025-03-06 09:32:05.732,937,RotationSliderBackgroundXYZ,0.868655,0.3572121,-0.35,,0.55
2025-03-06 09:32:05.815,938,RotationSliderBackgroundXYZ,0.868643,0.357211,-0.35,,0.55
2025-03-06 09:32:05.900,939,RotationSliderBackgroundXYZ,0.868647,0.3572126,-0.35,,0.55
2025-03-06 09:32:05.982,940,RotationSliderBackgroundXYZ,0.868647,0.3572148,-0.35,,0.55
2025-03-06 09:32:06.067,941,RotationSliderBackgroundXYZ,0.868651,0.3572159,-0.35,,0.55
2025-03-06 09:32:06.150,942,RotationSliderBackgroundXYZ,0.868643,0.3572175,-0.35,,0.55
2025-03-06 09:32:06.233,943,RotationSliderBackgroundXYZ,0.868651,0.3572181,-0.35,,0.55
2025-03-06 09:32:06.317,944,RotationSliderBackgroundXYZ,0.868643,0.3572186,-0.35,,0.55
2025-03-06 09:32:06.400,945,RotationSliderBackgroundXYZ,0.8686271,0.3572186,-0.35,,0.55
2025-03-06 09:32:06.486,946,RotationSliderBackgroundXYZ,0.8686351,0.3572192,-0.35,,0.55
2025-03-06 09:32:06.567,947,RotationSliderBackgroundXYZ,0.8686351,0.3572192,-0.35,,0.55
2025-03-06 09:32:06.652,948,RotationSliderBackgroundXYZ,0.8686351,0.3572192,-0.35,,0.55
2025-03-06 09:32:06.736,949,RotationSliderBackgroundXYZ,0.8686351,0.3572192,-0.35,,0.55
2025-03-06 09:32:06.818,950,RotationSliderBackgroundXYZ,0.8686351,0.3572192,-0.35,,0.55
2025-03-06 09:32:06.913,951,RotationSliderBackgroundXYZ,0.868643,0.3572208,-0.35,,0.55
2025-03-06 09:32:06.997,952,RotationSliderBackgroundXYZ,0.868647,0.3572219,-0.35,,0.55
2025-03-06 09:32:07.081,953,RotationSliderBackgroundXYZ,0.868643,0.357223,-0.35,,0.55
2025-03-06 09:32:07.165,954,RotationSliderBackgroundXYZ,0.8686351,0.3572235,-0.35,,0.55
2025-03-06 09:32:07.248,955,RotationSliderBackgroundXYZ,0.8686311,0.3572235,-0.35,,0.55
2025-03-06 09:32:07.332,956,RotationSliderBackgroundXYZ,0.868643,0.3572241,-0.35,,0.55
2025-03-06 09:32:07.416,957,RotationSliderBackgroundXYZ,0.8686232,0.3572241,-0.35,,0.55
2025-03-06 09:32:07.512,958,RotationSliderBackgroundXYZ,0.8686152,0.3572246,-0.35,,0.55
2025-03-06 09:32:07.597,959,RotationSliderBackgroundXYZ,0.8686073,0.3572257,-0.35,,0.55
2025-03-06 09:32:07.680,960,RotationSliderBackgroundXYZ,0.8686073,0.3572257,-0.35,,0.55
2025-03-06 09:32:07.765,961,RotationSliderBackgroundXYZ,0.8686073,0.3572257,-0.35,,0.55
2025-03-06 09:32:07.848,962,RotationSliderBackgroundXYZ,0.8686073,0.3572257,-0.35,,0.55
2025-03-06 09:32:07.933,963,RotationSliderBackgroundXYZ,0.8686192,0.3572268,-0.35,,0.55
2025-03-06 09:32:08.015,964,RotationSliderBackgroundXYZ,0.8686073,0.3572274,-0.35,,0.55
2025-03-06 09:32:08.101,965,RotationSliderBackgroundXYZ,0.8685874,0.3572274,-0.35,,0.55
2025-03-06 09:32:08.182,966,RotationSliderBackgroundXYZ,0.8685794,0.3572284,-0.35,,0.55
2025-03-06 09:32:08.266,967,RotationSliderBackgroundXYZ,0.8685675,0.357229,-0.35,,0.55
2025-03-06 09:32:08.350,968,RotationSliderBackgroundXYZ,0.8685636,0.3572295,-0.35,,0.55
2025-03-06 09:32:08.434,969,RotationSliderBackgroundXYZ,0.8685556,0.3572301,-0.35,,0.55
2025-03-06 09:32:08.516,970,RotationSliderBackgroundXYZ,0.8685477,0.3572312,-0.35,,0.55
2025-03-06 09:32:08.600,971,RotationSliderBackgroundXYZ,0.8685398,0.3572317,-0.35,,0.55
2025-03-06 09:32:08.685,972,RotationSliderBackgroundXYZ,0.8685278,0.3572322,-0.35,,0.55
2025-03-06 09:32:08.767,973,RotationSliderBackgroundXYZ,0.8685198,0.3572328,-0.35,,0.55
2025-03-06 09:32:08.851,974,RotationSliderBackgroundXYZ,0.8685079,0.3572322,-0.35,,0.55
2025-03-06 09:32:08.934,975,RotationSliderBackgroundXYZ,0.8685119,0.3572339,-0.35,,0.55
2025-03-06 09:32:09.020,976,RotationSliderBackgroundXYZ,0.8685198,0.357235,-0.35,,0.55
2025-03-06 09:32:09.101,977,RotationSliderBackgroundXYZ,0.8685079,0.3572344,-0.35,,0.55
2025-03-06 09:32:09.185,978,RotationSliderBackgroundXYZ,0.8685,0.357235,-0.35,,0.55
2025-03-06 09:32:09.269,979,RotationSliderBackgroundXYZ,0.868496,0.357235,-0.35,,0.55
2025-03-06 09:32:09.352,980,RotationSliderBackgroundXYZ,0.868496,0.357235,-0.35,,0.55
2025-03-06 09:32:09.435,981,RotationSliderBackgroundXYZ,0.868496,0.357235,-0.35,,0.55
2025-03-06 09:32:09.520,982,RotationSliderBackgroundXYZ,0.868496,0.357235,-0.35,,0.55
2025-03-06 09:32:09.604,983,RotationSliderBackgroundXYZ,0.868496,0.357235,-0.35,,0.55
2025-03-06 09:32:09.702,984,RotationSliderBackgroundXYZ,0.868496,0.357235,-0.35,,0.55
2025-03-06 09:32:09.797,985,RotationSliderBackgroundXYZ,0.868496,0.357235,-0.35,,0.55
2025-03-06 09:32:09.881,986,RotationSliderBackgroundXYZ,0.868496,0.357235,-0.35,,0.55
2025-03-06 09:32:09.964,987,RotationSliderBackgroundXYZ,0.868496,0.357235,-0.35,,0.55
2025-03-06 09:32:10.048,988,RotationSliderBackgroundXYZ,0.868496,0.357235,-0.35,,0.55
2025-03-06 09:32:10.131,989,RotationSliderBackgroundXYZ,0.868496,0.357235,-0.35,,0.55
2025-03-06 09:32:10.214,990,RotationSliderBackgroundXYZ,0.868496,0.357235,-0.35,,0.55
2025-03-06 09:32:10.299,991,RotationSliderBackgroundXYZ,0.868496,0.357235,-0.35,,0.55
2025-03-06 09:32:10.381,992,RotationSliderBackgroundXYZ,0.868496,0.357235,-0.35,,0.55
2025-03-06 09:32:10.466,993,RotationSliderBackgroundXYZ,0.8685079,0.3572366,-0.35,,0.55
2025-03-06 09:32:10.563,994,RotationSliderBackgroundXYZ,0.8684921,0.3572355,-0.35,,0.55
2025-03-06 09:32:10.646,995,RotationSliderBackgroundXYZ,0.8684841,0.3572366,-0.35,,0.55
2025-03-06 09:32:10.730,996,RotationSliderBackgroundXYZ,0.8684722,0.3572372,-0.35,,0.55
2025-03-06 09:32:10.827,997,RotationSliderBackgroundXYZ,0.8684722,0.3572372,-0.35,,0.55
2025-03-06 09:32:10.926,998,RotationSliderBackgroundXYZ,0.8684722,0.3572372,-0.35,,0.55
2025-03-06 09:32:11.009,999,RotationSliderBackgroundXYZ,0.8684722,0.3572372,-0.35,,0.55
2025-03-06 09:32:11.092,1000,RotationSliderBackgroundXYZ,0.8684722,0.3572372,-0.35,,0.55
2025-03-06 09:32:11.192,1001,RotationSliderBackgroundXYZ,0.8684722,0.3572372,-0.35,,0.55
2025-03-06 09:32:11.274,1002,RotationSliderBackgroundXYZ,0.8684722,0.3572372,-0.35,,0.55
2025-03-06 09:32:11.356,1003,RotationSliderBackgroundXYZ,0.8684722,0.3572372,-0.35,,0.55
2025-03-06 09:32:11.439,1004,RotationSliderBackgroundXYZ,0.8684841,0.3572377,-0.35,,0.55
2025-03-06 09:32:11.524,1005,RotationSliderBackgroundXYZ,0.8684722,0.3572393,-0.35,,0.55
2025-03-06 09:32:11.607,1006,RotationSliderBackgroundXYZ,0.8684762,0.3572404,-0.35,,0.55
2025-03-06 09:32:11.690,1007,RotationSliderBackgroundXYZ,0.8684762,0.3572404,-0.35,,0.55
2025-03-06 09:32:11.774,1008,RotationSliderBackgroundXYZ,0.8684762,0.3572404,-0.35,,0.55
2025-03-06 09:32:11.858,1009,RotationSliderBackgroundXYZ,0.8684762,0.3572404,-0.35,,0.55
2025-03-06 09:32:11.940,1010,RotationSliderBackgroundXYZ,0.8684762,0.3572404,-0.35,,0.55
2025-03-06 09:32:12.025,1011,RotationSliderBackgroundXYZ,0.8684762,0.3572404,-0.35,,0.55
2025-03-06 09:32:12.107,1012,RotationSliderBackgroundXYZ,0.8684762,0.3572404,-0.35,,0.55
2025-03-06 09:32:12.191,1013,RotationSliderBackgroundXYZ,0.8684762,0.3572404,-0.35,,0.55
2025-03-06 09:32:12.274,1014,RotationSliderBackgroundXYZ,0.8684762,0.3572404,-0.35,,0.55
2025-03-06 09:32:12.357,1015,RotationSliderBackgroundXYZ,0.8684762,0.3572404,-0.35,,0.55
2025-03-06 09:32:12.440,1016,RotationSliderBackgroundXYZ,0.8684762,0.3572404,-0.35,,0.55
2025-03-06 09:32:12.524,1017,RotationSliderBackgroundXYZ,0.8684762,0.3572404,-0.35,,0.55
2025-03-06 09:32:12.608,1018,RotationSliderBackgroundXYZ,0.8684762,0.3572404,-0.35,,0.55
